source_url,channel_id,channel_slug,channel_title,playlist_count,status
"https://dp1-feed.objkt.com/api/v1/channels/828a7640-bcec-4c9b-af3a-a75d27b3025d","828a7640-bcec-4c9b-af3a-a75d27b3025d","builders-hall-8018","Builders Hall",2,ok
"https://dp1-feed.objkt.com/api/v1/channels/5b441000-6b5d-42ef-a372-ef18ee572fdc","5b441000-6b5d-42ef-a372-ef18ee572fdc","sovreign-9581","SOVREIGN",9,ok
"https://dp1-feed.objkt.com/api/v1/channels/9f2d4b48-0195-4b9b-aa6e-e81c837292b1","9f2d4b48-0195-4b9b-aa6e-e81c837292b1","tezpepe-2615","Tezpepe",2,ok
"https://dp1-feed.objkt.com/api/v1/channels/792d9b19-032e-4289-a188-3c70e7945487","792d9b19-032e-4289-a188-3c70e7945487","actz-gallery-3711","ACTZ Gallery",16,ok
"https://dp1-feed.objkt.com/api/v1/channels/2e273c71-a3e4-4d7b-b7eb-27e739d7c110","2e273c71-a3e4-4d7b-b7eb-27e739d7c110","superchiefnft-8053","SuperchiefNFT",3,ok
"https://dp1-feed.objkt.com/api/v1/channels/003f16a3-983a-4590-a489-d60cd3a6ea86","003f16a3-983a-4590-a489-d60cd3a6ea86","l-avant-galerie-vossen-8817","L'Avant Galerie Vossen",2,ok
"https://dp1-feed.objkt.com/api/v1/channels/355a0a0f-8886-4485-aa7d-a3f2e9c42420","355a0a0f-8886-4485-aa7d-a3f2e9c42420","scene-4913","scene",1,ok
"https://dp1-feed.objkt.com/api/v1/channels/da3120e0-3deb-405a-8afe-face377b8917","da3120e0-3deb-405a-8afe-face377b8917","one-love-art-3580","One Love Art",7,ok
"https://dp1-feed.objkt.com/api/v1/channels/e3275220-1778-45f5-8271-84924a5a3a60","e3275220-1778-45f5-8271-84924a5a3a60","objkt-one-3286","objkt.one",87,ok
"https://dp1-feed.objkt.com/api/v1/channels/f28ad4dc-f801-4f13-b2f0-96c99642dfc5","f28ad4dc-f801-4f13-b2f0-96c99642dfc5","artverse-7439","Artverse",1,ok
"https://dp1-feed.objkt.com/api/v1/channels/3f3263bb-cb02-4a5c-9663-1c7443371c29","3f3263bb-cb02-4a5c-9663-1c7443371c29","objkt-labs-1269","objkt labs",24,ok
"https://dp1-feed.objkt.com/api/v1/channels/0421ba9b-e16d-4656-b204-b87ad1ad86bd","0421ba9b-e16d-4656-b204-b87ad1ad86bd","the-second-guess-2094","The Second-Guess",1,ok
"https://dp1-feed.objkt.com/api/v1/channels/792a8985-bd07-4969-953a-9204a1252de8","792a8985-bd07-4969-953a-9204a1252de8","newtroarts-4143","NewtroArts",6,ok
"https://dp1-feed.objkt.com/api/v1/channels/d566d200-8e65-43ed-a150-6a45ffbf8fe0","d566d200-8e65-43ed-a150-6a45ffbf8fe0","xcollabz-5232","XCOLLABZ",4,ok
"https://dp1-feed.objkt.com/api/v1/channels/65ffaf49-e8e7-4314-9d33-226aa4509eab","65ffaf49-e8e7-4314-9d33-226aa4509eab","department-dk-3212","Department DK",2,ok
"https://dp1-feed.objkt.com/api/v1/channels/949501ac-e780-4a83-97f4-22efd176e8e5","949501ac-e780-4a83-97f4-22efd176e8e5","spaceworld-6783","SpaceWorld",1,ok
"https://dp1-feed.objkt.com/api/v1/channels/ddf33426-c138-4410-9ea5-1d194abab009","ddf33426-c138-4410-9ea5-1d194abab009","weird-klub-1398","Weird▲Klub",7,ok
"https://dp1-feed.objkt.com/api/v1/channels/8de6f085-fb7f-4012-a591-02004db69a2b","8de6f085-fb7f-4012-a591-02004db69a2b","the-second-guess-8795","The Second-Guess",56,ok
"https://dp1-feed.objkt.com/api/v1/channels/e43889d4-f6d2-4221-94ca-24d00027b700","e43889d4-f6d2-4221-94ca-24d00027b700","the-lighthouse-4335","The Lighthouse",4,ok
"https://dp1-feed.objkt.com/api/v1/channels/a1d89c31-09d3-474f-bc14-e0aeb5875736","a1d89c31-09d3-474f-bc14-e0aeb5875736","pocobelli-collection-1639","Pocobelli Collection",5,ok
"https://dp1-feed.objkt.com/api/v1/channels/56a1f7c2-2a1c-4f2b-ae56-1da7563865ba","56a1f7c2-2a1c-4f2b-ae56-1da7563865ba","et3rna-9440","Et3rna",3,ok
"https://dp1-feed.objkt.com/api/v1/channels/4ad5b2c1-a2a3-421c-b5e2-18738d133c40","4ad5b2c1-a2a3-421c-b5e2-18738d133c40","theverseverse-1524","theVERSEverse",1,ok
"https://dp1-feed.objkt.com/api/v1/channels/09750660-8e9f-4ca5-a036-a03fe5f81b8e","09750660-8e9f-4ca5-a036-a03fe5f81b8e","colonna-contemporary-7750","Colonna Contemporary",2,ok
"https://dp1-feed.objkt.com/api/v1/channels/9540756f-a6a9-4558-b6e6-e7f8a6f0a7c1","9540756f-a6a9-4558-b6e6-e7f8a6f0a7c1","art-for-humanity-8525","Art for Humanity",1,ok
"https://dp1-feed.objkt.com/api/v1/channels/5637e135-c866-46e6-a8dc-a07dbc1e995a","5637e135-c866-46e6-a8dc-a07dbc1e995a","dialog-2630","dialog( )",1,ok
"https://dp1-feed.objkt.com/api/v1/channels/1649a967-1872-4c4e-b082-d465ff2ed269","1649a967-1872-4c4e-b082-d465ff2ed269","gif-gallery-5217","GIF Gallery",9,ok
"https://dp1-feed.objkt.com/api/v1/channels/f7db3f73-4839-4346-a6c0-a3714386d734","f7db3f73-4839-4346-a6c0-a3714386d734","fakewhale-gallery-8980","Fakewhale Gallery",17,ok
"https://dp1-feed.objkt.com/api/v1/channels/e2a4969a-b4f0-4dbb-96fd-54845b90ef0f","e2a4969a-b4f0-4dbb-96fd-54845b90ef0f","la-collection-8566","La Collection",1,ok
"https://dp1-feed.objkt.com/api/v1/channels/7f73ba53-06fd-457d-b698-04f2edd531d8","7f73ba53-06fd-457d-b698-04f2edd531d8","xor-space-6128","XOR Space",5,ok
"https://dp1-feed.objkt.com/api/v1/channels/52c5ab61-1c7d-44df-9ae6-94df88d47e99","52c5ab61-1c7d-44df-9ae6-94df88d47e99","telenft-3475","TeleNFT",1,ok
"https://dp1-feed.objkt.com/api/v1/channels/17206a66-27dc-4963-8c27-c22ffdd2b153","17206a66-27dc-4963-8c27-c22ffdd2b153","cyberforms-6342","Cyberforms",11,ok
"https://dp1-feed.objkt.com/api/v1/channels/edf2f189-6afa-49b8-b3db-e372f1425aa4","edf2f189-6afa-49b8-b3db-e372f1425aa4","bitforms-gallery-2126","bitforms gallery",4,ok
"https://dp1-feed.objkt.com/api/v1/channels/f00da12c-605b-4dae-aa01-73e37020bbf4","f00da12c-605b-4dae-aa01-73e37020bbf4","obscura-2202","Obscura",2,ok
"https://dp1-feed.objkt.com/api/v1/channels/59e8ed48-2a94-41c3-84c0-36ec95946a0d","59e8ed48-2a94-41c3-84c0-36ec95946a0d","blueshift-6270","Blueshift",2,ok
"https://dp1-feed.objkt.com/api/v1/channels/e2f46e72-e404-4f80-ac16-a917c4c11676","e2f46e72-e404-4f80-ac16-a917c4c11676","artscape-1475","Artscape",2,ok
"https://dp1-feed.objkt.com/api/v1/channels/d3d0b003-df9e-4b55-81f2-280a3f206565","d3d0b003-df9e-4b55-81f2-280a3f206565","galerie-met-4995","Galerie Met",5,ok
"https://dp1-feed.objkt.com/api/v1/channels/5985fcfe-85c0-48a2-80a0-ea4c0aba55a3","5985fcfe-85c0-48a2-80a0-ea4c0aba55a3","artie-galerie-4050","artie galerie",2,ok
"https://dp1-feed.objkt.com/api/v1/channels/f223aeac-3e64-416e-b40a-8ffff2e7fb31","f223aeac-3e64-416e-b40a-8ffff2e7fb31","zardoz-club-gallery-9811","zardoz.club gallery",1,ok
"https://dp1-feed.objkt.com/api/v1/channels/c86114a3-41a9-4664-bd75-cb224b4123ae","c86114a3-41a9-4664-bd75-cb224b4123ae","galerie-data-6697","Galerie Data",10,ok
"https://dp1-feed.objkt.com/api/v1/channels/cf9e01b2-52a5-43bf-b4df-547d1a9b8ce2","cf9e01b2-52a5-43bf-b4df-547d1a9b8ce2","t-n-west-african-artistry-6628","Ìtàn: West African Artistry",31,ok
"https://dp1-feed.objkt.com/api/v1/channels/a85bb387-a4d1-426b-8daa-ef4aef3daf3a","a85bb387-a4d1-426b-8daa-ef4aef3daf3a","analog-video-union-9426","Analog Video Union",2,ok
"https://dp1-feed.objkt.com/api/v1/channels/2ae5e0c0-b8f3-4daa-8779-e08d0c072166","2ae5e0c0-b8f3-4daa-8779-e08d0c072166","lumineers-7290","Lumineers",3,ok
"https://dp1-feed.objkt.com/api/v1/channels/601f78a1-7a8f-48bc-96fb-cf1eae22ff57","601f78a1-7a8f-48bc-96fb-cf1eae22ff57","paintboxed-1552","Paintboxed",1,ok
"https://dp1-feed.objkt.com/api/v1/channels/7732279f-0ee7-4648-93b3-d39ec7493aae","7732279f-0ee7-4648-93b3-d39ec7493aae","pioneers-3099","PIONEERS",2,ok
"https://dp1-feed.objkt.com/api/v1/channels/1ad9196a-adb1-443d-a8a7-5d44fb22afb1","1ad9196a-adb1-443d-a8a7-5d44fb22afb1","linda-3395","linda",1,ok
"https://dp1-feed.objkt.com/api/v1/channels/d54bcc24-8d06-4c8b-9cf0-e54639f44f6d","d54bcc24-8d06-4c8b-9cf0-e54639f44f6d","museum-of-wild-and-newfangled-art-4086","Museum of Wild and Newfangled Art",7,ok
"https://dp1-feed.objkt.com/api/v1/channels/b2ca2644-2ec8-4b8c-bc8f-fbd21c5242c1","b2ca2644-2ec8-4b8c-bc8f-fbd21c5242c1","office-impart-9948","Office Impart",2,ok
"https://dp1-feed.objkt.com/api/v1/channels/6612e1f9-c3df-4f91-a7c2-14d5b1042997","6612e1f9-c3df-4f91-a7c2-14d5b1042997","pixels-with-purpose-4913","Pixels with Purpose",1,ok
"https://dp1-feed.objkt.com/api/v1/channels/84e64a34-943b-49ab-a815-d43577d8a6cc","84e64a34-943b-49ab-a815-d43577d8a6cc","kt1szj23jncckphy2ptjbejdiq2hcma8avxd-7779","KT1SzJ23jnccKPhY2pTjBejDiQ2hcMA8aVxD",1,ok
"https://dp1-feed.objkt.com/api/v1/channels/e85e237a-72f1-4026-a88b-25760cedd662","e85e237a-72f1-4026-a88b-25760cedd662","switzerland-for-unhcr-4417","Switzerland for UNHCR",1,ok
"https://dp1-feed.objkt.com/api/v1/channels/7ca37d86-715b-407d-afb2-306859e29837","7ca37d86-715b-407d-afb2-306859e29837","julie-caredda-gallery-4162","Julie Caredda Gallery",1,ok
"https://dp1-feed.objkt.com/api/v1/channels/6c80a5f3-b74e-4894-8c7c-230947eac33b","6c80a5f3-b74e-4894-8c7c-230947eac33b","-9282","𝘼𝘾𝘾𝙊𝙈𝙋𝘼𝙍𝙏'𝙎",17,ok
